id,name,roll_no,age
210,Gary Hayes,95137,24
211,Mary Black,85117,18
212,Virginia Perez,21044,19
213,David Hardin,78557,25
214,Stuart Smith,55964,25
215,Alejandro Odonnell,44731,18
216,Nathan King,74820,22
217,Tara Hamilton,40320,19
218,Laura Jackson,1493,23
219,Eric Ho,59192,19
220,Gabriel Kaiser,71429,23
221,Ashley Fisher,73241,20
222,Rachael Williams,68395,24
223,Colleen Diaz,78686,22
224,Justin Lester,99660,19
225,Jason Farmer,95082,23
226,William Campos,64796,24
227,Chad Shaffer,43890,23
228,John Allen,46055,23
229,Amy Gray,88239,25
230,Dawn Anderson,7696,20
231,Lisa Martinez,44204,21
232,Jessica Thompson,93291,21
233,Daniel Faulkner,87734,19
234,Kimberly Edwards,58057,22
235,Anna Ortiz,74,21
236,Paul Santos,47959,24
237,Diana Patel,35100,18
238,Allison Williams,79646,25
239,Nicole George,71822,25
240,Kyle Kennedy,31714,22
241,Veronica Hoffman,47115,22
242,Michael Wilcox,22189,23
243,Debra Freeman,21032,19
244,Robin Stewart,66083,19
245,Natalie Hardin,69070,21
246,Charles Miller,38184,22
247,Jordan Mitchell,90791,20
248,Leslie Wong,47334,20
249,Kendra Fisher,87762,21
250,Mary Stevenson,78505,19
251,Aaron Larson,35184,23
252,Robert Wiley,45728,23
253,Steven Benson,16832,20
254,George Garcia,14920,19
255,Scott Forbes,13686,20
256,Cameron Carrillo,87022,19
257,Lisa Sawyer,99268,21
258,Kimberly Williams,86274,19
259,Olivia Johnson,37743,19
260,Theresa Rangel,52833,22
261,Daniel Rodgers,63593,20
262,Catherine Lopez,67456,25
263,Melissa Hebert,82769,24
264,Norma Reed,56416,23
265,Patricia Cruz,58922,25
266,Heather Oconnell,95177,25
267,Stephanie Mathis,566,24
268,Carla Rivera,1572,23
269,Ms. Sandra Griffin MD,96850,21
270,David Campbell,52635,25
271,Sandra Olsen,69889,24
272,Edward Chang,21306,18
273,Kimberly Soto,16238,24
274,Alan Ramsey,10687,19
275,Gregory Brown,38180,20
276,Karen Wu,21804,21
277,Emily Kelly,54781,23
278,Brittany Johnson,53940,18
279,Craig Beck,8786,19
280,Tracy Pratt,97030,20
281,Kevin Michael,91425,24
282,Christopher Cooper,34980,21
283,Kristen Morgan,66293,19
284,Howard Hernandez,44172,22
285,Christina Ellis,34567,21
286,Ashley Rodriguez,18290,19
287,Tanya Harris,83790,21
288,Bridget Barnes,90245,24
289,Gerald Knight,1703,21
290,Jacob Evans,85491,22
291,Donna Ochoa,17336,21
292,Joseph Rodriguez,57355,20
293,Kristy Harris,68520,25
294,David Ward,39065,18
295,Lauren Yates,30330,23
296,Willie Moses,18424,23
297,Tiffany Dixon,14440,20
298,John Kennedy,61761,23
299,Hannah Stephens,22243,19
300,David Ryan,81057,18
301,Douglas Kelly,3461,18
302,Tabitha Thomas,71478,20
303,Eric Logan,40029,23
304,Sarah Hanna,33437,23
305,Nicholas Reyes,79922,24
306,Pamela Lewis,23443,24
307,Crystal Simon,14971,20
308,Marcus Herring,4205,23
309,Richard Mcbride,80960,18
310,Gary Hayes,95137,24
311,Mary Black,85117,18
312,Virginia Perez,21044,19
313,David Hardin,78557,25
314,Stuart Smith,55964,25
315,Alejandro Odonnell,44731,18
316,Nathan King,74820,22
317,Tara Hamilton,40320,19
318,Laura Jackson,1493,23
319,Eric Ho,59192,19
320,Gabriel Kaiser,71429,23
321,Ashley Fisher,73241,20
322,Rachael Williams,68395,24
323,Colleen Diaz,78686,22
324,Justin Lester,99660,19
325,Jason Farmer,95082,23
326,William Campos,64796,24
327,Chad Shaffer,43890,23
328,John Allen,46055,23
329,Amy Gray,88239,25
330,Dawn Anderson,7696,20
331,Lisa Martinez,44204,21
332,Jessica Thompson,93291,21
333,Daniel Faulkner,87734,19
334,Kimberly Edwards,58057,22
335,Anna Ortiz,74,21
336,Paul Santos,47959,24
337,Diana Patel,35100,18
338,Allison Williams,79646,25
339,Nicole George,71822,25
340,Kyle Kennedy,31714,22
341,Veronica Hoffman,47115,22
342,Michael Wilcox,22189,23
343,Debra Freeman,21032,19
344,Robin Stewart,66083,19
345,Natalie Hardin,69070,21
346,Charles Miller,38184,22
347,Jordan Mitchell,90791,20
348,Leslie Wong,47334,20
349,Kendra Fisher,87762,21
350,Mary Stevenson,78505,19
351,Aaron Larson,35184,23
352,Robert Wiley,45728,23
353,Steven Benson,16832,20
354,George Garcia,14920,19
355,Scott Forbes,13686,20
356,Cameron Carrillo,87022,19
357,Lisa Sawyer,99268,21
358,Kimberly Williams,86274,19
359,Olivia Johnson,37743,19
360,Theresa Rangel,52833,22
361,Daniel Rodgers,63593,20
362,Catherine Lopez,67456,25
363,Melissa Hebert,82769,24
364,Norma Reed,56416,23
365,Patricia Cruz,58922,25
366,Heather Oconnell,95177,25
367,Stephanie Mathis,566,24
368,Carla Rivera,1572,23
369,Ms. Sandra Griffin MD,96850,21
370,David Campbell,52635,25
371,Sandra Olsen,69889,24
372,Edward Chang,21306,18
373,Kimberly Soto,16238,24
374,Alan Ramsey,10687,19
375,Gregory Brown,38180,20
376,Karen Wu,21804,21
377,Emily Kelly,54781,23
378,Brittany Johnson,53940,18
379,Craig Beck,8786,19
380,Tracy Pratt,97030,20
381,Kevin Michael,91425,24
382,Christopher Cooper,34980,21
383,Kristen Morgan,66293,19
384,Howard Hernandez,44172,22
385,Christina Ellis,34567,21
386,Ashley Rodriguez,18290,19
387,Tanya Harris,83790,21
388,Bridget Barnes,90245,24
389,Gerald Knight,1703,21
390,Jacob Evans,85491,22
391,Donna Ochoa,17336,21
392,Joseph Rodriguez,57355,20
393,Kristy Harris,68520,25
394,David Ward,39065,18
395,Lauren Yates,30330,23
396,Willie Moses,18424,23
397,Tiffany Dixon,14440,20
398,John Kennedy,61761,23
399,Hannah Stephens,22243,19
400,David Ryan,81057,18
401,Douglas Kelly,3461,18
402,Tabitha Thomas,71478,20
403,Eric Logan,40029,23
404,Sarah Hanna,33437,23
405,Nicholas Reyes,79922,24
406,Pamela Lewis,23443,24
407,Crystal Simon,14971,20
408,Marcus Herring,4205,23
409,Richard Mcbride,80960,18
